Configuracion,RMSE_entrenamiento_promedio,RMSE_CV_promedio,Desviacion_RMSE_CV,Brecha_CV_entrenamiento,Epocas_promedio,RMSE_por_fold
"{""activacion"":""tanh"",""batch_norm"":false,""batch_size"":64,""capas_ocultas"":[32],""dropout"":0.0,""learning_rate"":0.001,""weight_decay"":0.0001}",39439.131951113675,40340.05749036093,13954.63738617404,900.9255392472551,85.75,"[40120.6361, 35428.6608, 59441.2323, 26369.7007]"
"{""activacion"":""tanh"",""batch_norm"":false,""batch_size"":64,""capas_ocultas"":[64],""dropout"":0.0,""learning_rate"":0.001,""weight_decay"":0.0001}",35101.819197636636,43935.90941211791,14437.809513370876,8834.090214481272,62.5,"[44826.3811, 37918.4261, 63458.2604, 29540.57]"
"{""activacion"":""tanh"",""batch_norm"":false,""batch_size"":32,""capas_ocultas"":[64],""dropout"":0.0,""learning_rate"":0.001,""weight_decay"":0.001}",35364.573401699425,43959.475795376195,14444.825367344465,8594.90239367677,35.25,"[46991.8608, 36483.9631, 62779.3769, 29582.7024]"
"{""activacion"":""tanh"",""batch_norm"":false,""batch_size"":64,""capas_ocultas"":[64],""dropout"":0.0,""learning_rate"":0.001,""weight_decay"":0.001}",33236.438304160016,45230.476534650945,15585.216765619562,11994.038230490929,69.25,"[51509.5965, 37305.1251, 63732.7235, 28374.461]"
"{""activacion"":""tanh"",""batch_norm"":false,""batch_size"":64,""capas_ocultas"":[64],""dropout"":0.1,""learning_rate"":0.001,""weight_decay"":0.0001}",39828.41613914406,45380.11863406609,13381.02458616836,5551.702494922036,87.0,"[44753.4287, 41998.2181, 63466.8743, 31301.9534]"
"{""activacion"":""tanh"",""batch_norm"":false,""batch_size"":32,""capas_ocultas"":[64],""dropout"":0.1,""learning_rate"":0.001,""weight_decay"":0.0001}",40065.067796643256,46033.35463048,12898.855259109372,5968.286833836741,66.25,"[43707.5318, 48059.0745, 61829.2263, 30537.5859]"
"{""activacion"":""tanh"",""batch_norm"":false,""batch_size"":64,""capas_ocultas"":[32],""dropout"":0.0,""learning_rate"":0.001,""weight_decay"":0.001}",36020.84983665189,46572.86849985464,17057.981334286935,10552.018663202747,108.5,"[63396.2866, 38906.7566, 57633.8986, 26354.5321]"
"{""activacion"":""tanh"",""batch_norm"":false,""batch_size"":32,""capas_ocultas"":[32],""dropout"":0.0,""learning_rate"":0.001,""weight_decay"":0.0001}",35388.61565655928,46716.73694705783,18002.27267110349,11328.121290498544,59.75,"[65331.0951, 38649.2399, 57334.3178, 25552.295]"
"{""activacion"":""tanh"",""batch_norm"":false,""batch_size"":32,""capas_ocultas"":[64],""dropout"":0.1,""learning_rate"":0.001,""weight_decay"":0.001}",39088.89692476006,46878.59590368303,12853.259277002517,7789.69897892297,77.75,"[47703.9423, 47743.0881, 61730.2129, 30337.1403]"
"{""activacion"":""tanh"",""batch_norm"":false,""batch_size"":64,""capas_ocultas"":[64],""dropout"":0.1,""learning_rate"":0.001,""weight_decay"":0.001}",41682.1803140557,47272.39132253418,13001.17606755613,5590.21100847848,81.0,"[42009.1066, 50448.0435, 63598.9707, 33033.4444]"
"{""activacion"":""tanh"",""batch_norm"":false,""batch_size"":32,""capas_ocultas"":[64],""dropout"":0.0,""learning_rate"":0.001,""weight_decay"":0.0001}",29108.222431345304,47390.621655664276,16779.80353481597,18282.39922431897,52.75,"[59699.2584, 38377.7416, 63157.1033, 28328.3833]"
"{""activacion"":""tanh"",""batch_norm"":false,""batch_size"":32,""capas_ocultas"":[32],""dropout"":0.1,""learning_rate"":0.001,""weight_decay"":0.001}",46431.09681315342,48638.70126079694,12363.037676048381,2207.60444764352,97.25,"[50802.6008, 42043.2252, 65006.0248, 36702.9542]"
"{""activacion"":""tanh"",""batch_norm"":false,""batch_size"":32,""capas_ocultas"":[32],""dropout"":0.1,""learning_rate"":0.001,""weight_decay"":0.0001}",43211.66079563787,48664.04554286292,11662.370064186125,5452.384747225049,107.5,"[47925.5303, 45407.4349, 64606.1629, 36717.0541]"
"{""activacion"":""tanh"",""batch_norm"":false,""batch_size"":64,""capas_ocultas"":[32],""dropout"":0.1,""learning_rate"":0.001,""weight_decay"":0.001}",46407.378113242135,49031.468531602746,12030.425935241321,2624.090418360611,123.75,"[50490.9421, 48727.0813, 63139.0133, 33768.8374]"
"{""activacion"":""tanh"",""batch_norm"":false,""batch_size"":64,""capas_ocultas"":[32],""dropout"":0.1,""learning_rate"":0.001,""weight_decay"":0.0001}",44338.51182670872,49980.304333049455,10343.18974054675,5641.792506340738,149.25,"[51179.3666, 47670.4771, 63056.7644, 38014.6091]"
"{""activacion"":""tanh"",""batch_norm"":false,""batch_size"":32,""capas_ocultas"":[32],""dropout"":0.0,""learning_rate"":0.001,""weight_decay"":0.001}",36720.62978691738,50688.49669862336,22292.046593619092,13967.866911705984,62.75,"[77917.5361, 40168.4804, 58131.4371, 26536.5333]"
"{""activacion"":""relu"",""batch_norm"":false,""batch_size"":32,""capas_ocultas"":[64],""dropout"":0.0,""learning_rate"":0.001,""weight_decay"":0.0001}",37097.48284560876,232343.0999720398,331708.26723339636,195245.61712643105,72.5,"[55572.029, 60084.8183, 84166.3974, 729549.1552]"
"{""activacion"":""relu"",""batch_norm"":true,""batch_size"":32,""capas_ocultas"":[64,32],""dropout"":0.25,""learning_rate"":0.0005,""weight_decay"":0.01}",352241.89186699374,844182.3726079928,1177278.4561987047,491940.4807409991,57.25,"[2596211.1698, 204174.1548, 114328.2153, 462015.9505]"
"{""activacion"":""relu"",""batch_norm"":true,""batch_size"":64,""capas_ocultas"":[64,32],""dropout"":0.1,""learning_rate"":0.0005,""weight_decay"":0.01}",199228.71723316773,908406.2074368516,1356848.3770106172,709177.4902036838,124.25,"[240860.1924, 204157.1189, 2943491.8837, 245115.6348]"
"{""activacion"":""relu"",""batch_norm"":true,""batch_size"":64,""capas_ocultas"":[64,32],""dropout"":0.25,""learning_rate"":0.0005,""weight_decay"":0.01}",137213.4755125723,40035428.956656925,79783992.11736177,39898215.481144354,114.0,"[159711396.8373, 204174.5313, 134796.6729, 91347.7851]"
"{""activacion"":""relu"",""batch_norm"":true,""batch_size"":64,""capas_ocultas"":[64,32],""dropout"":0.1,""learning_rate"":0.0005,""weight_decay"":0.001}",130721.32090410468,65812228.588514954,130825614.93014306,65681507.26761085,165.75,"[262050540.0916, 204143.0997, 477013.1406, 517218.0223]"
"{""activacion"":""relu"",""batch_norm"":true,""batch_size"":64,""capas_ocultas"":[64,32],""dropout"":0.1,""learning_rate"":0.001,""weight_decay"":0.01}",135249.44870239843,429799293.26119566,857776222.5308378,429664043.81249326,91.5,"[1716463169.2615, 204152.5423, 624384.4886, 1905466.7524]"
"{""activacion"":""relu"",""batch_norm"":true,""batch_size"":64,""capas_ocultas"":[64,32],""dropout"":0.25,""learning_rate"":0.001,""weight_decay"":0.01}",131428.76606394022,935019174.8195227,1867762649.8837326,934887746.0534588,109.0,"[3736662364.4235, 204146.1751, 95459.8603, 3114728.8192]"
"{""activacion"":""relu"",""batch_norm"":true,""batch_size"":64,""capas_ocultas"":[128,64],""dropout"":0.25,""learning_rate"":0.0005,""weight_decay"":0.01}",185518.34970202076,1009375350.5300328,2018046398.8400912,1009189832.1803308,142.0,"[4036444916.1926, 204144.4409, 765486.2957, 86855.1909]"
"{""activacion"":""relu"",""batch_norm"":true,""batch_size"":64,""capas_ocultas"":[64,32],""dropout"":0.25,""learning_rate"":0.0005,""weight_decay"":0.001}",254588.41497079626,1216471671.163145,2432422843.2185946,1216217082.7481742,128.0,"[4865105934.1574, 204161.6442, 207294.4828, 369294.3683]"
"{""activacion"":""relu"",""batch_norm"":true,""batch_size"":32,""capas_ocultas"":[128,64],""dropout"":0.1,""learning_rate"":0.0005,""weight_decay"":0.001}",706448462.4653928,14285034491.841175,28544825626.217045,13578586029.375782,44.75,"[57102264831.9359, 204169.6899, 214976.0956, 37453989.6434]"
"{""activacion"":""relu"",""batch_norm"":true,""batch_size"":32,""capas_ocultas"":[128,64],""dropout"":0.25,""learning_rate"":0.0005,""weight_decay"":0.01}",1036199.2806259601,109357367804.75891,218646958174.29868,109356331605.47829,91.75,"[437327797452.7112, 204164.0846, 953075.1132, 100516527.1268]"
"{""activacion"":""relu"",""batch_norm"":true,""batch_size"":32,""capas_ocultas"":[64,32],""dropout"":0.25,""learning_rate"":0.001,""weight_decay"":0.001}",602867.5044887371,112540278002.08015,225075558182.92062,112539675134.57567,65.75,"[450153615240.7568, 204173.0616, 164500.5441, 7128093.9581]"
"{""activacion"":""relu"",""batch_norm"":true,""batch_size"":32,""capas_ocultas"":[128,64],""dropout"":0.25,""learning_rate"":0.0005,""weight_decay"":0.001}",820260.1532445218,1088523511485.4108,2177042549040.082,1088522691225.2576,42.5,"[4354087335042.613, 204147.8863, 151921.4504, 6354829.6933]"
"{""activacion"":""relu"",""batch_norm"":true,""batch_size"":32,""capas_ocultas"":[64,32],""dropout"":0.1,""learning_rate"":0.0005,""weight_decay"":0.01}",2835821.4805785175,4099866729696.8706,8199732602845.498,4099863893875.39,87.25,"[16399465633965.117, 204171.8915, 583817.8376, 496832.6391]"
"{""activacion"":""relu"",""batch_norm"":true,""batch_size"":64,""capas_ocultas"":[128,64],""dropout"":0.1,""learning_rate"":0.001,""weight_decay"":0.01}",2358749.7666598535,21659251808654.6,43318503269109.95,21659249449904.836,80.75,"[86637006712319.53, 204164.4944, 115993.949, 202140.4216]"
"{""activacion"":""relu"",""batch_norm"":true,""batch_size"":64,""capas_ocultas"":[64,32],""dropout"":0.1,""learning_rate"":0.001,""weight_decay"":0.001}",24508041.821400728,63831276899951.86,127662542837897.08,63831252391910.04,95.25,"[255325091156797.12, 204170.2367, 752133.2677, 15486706.7524]"
"{""activacion"":""relu"",""batch_norm"":true,""batch_size"":64,""capas_ocultas"":[128,64],""dropout"":0.25,""learning_rate"":0.0005,""weight_decay"":0.001}",8564542.29034746,125136331392703.44,250272662201308.62,125136322828161.14,96.0,"[500545324694666.3, 204144.1285, 458017.2933, 213985.9617]"
"{""activacion"":""relu"",""batch_norm"":true,""batch_size"":32,""capas_ocultas"":[64,32],""dropout"":0.1,""learning_rate"":0.001,""weight_decay"":0.01}",30161487.33876447,358654461445617.2,717308920761304.4,358654431284129.9,78.25,"[1434617842587573.8, 204173.4173, 170370.0259, 2820351.4227]"
"{""activacion"":""relu"",""batch_norm"":true,""batch_size"":64,""capas_ocultas"":[128,64],""dropout"":0.1,""learning_rate"":0.001,""weight_decay"":0.001}",34399327.01257942,650872857625181.4,1301745706392322.0,650872823225854.4,72.25,"[2603491417213664.5, 204166.6778, 952658.1858, 12130236.6883]"
"{""activacion"":""relu"",""batch_norm"":false,""batch_size"":32,""capas_ocultas"":[128,64],""dropout"":0.25,""learning_rate"":0.001,""weight_decay"":0.01}",1.9137955463402415e+24,1338218782950123.0,2676379515721513.5,-1.9137955450020228e+24,58.75,"[5352788056061053.0, 87024943250.7379, 79827.3778, 50716361.2905]"
"{""activacion"":""relu"",""batch_norm"":false,""batch_size"":64,""capas_ocultas"":[128,64],""dropout"":0.1,""learning_rate"":0.001,""weight_decay"":0.001}",115187454.38190004,4349715442843898.5,8699430885037112.0,4349715327656444.0,83.5,"[1.7398861770399568e+16, 86651.3742, 299057.9858, 590317.2439]"
"{""activacion"":""relu"",""batch_norm"":false,""batch_size"":64,""capas_ocultas"":[64],""dropout"":0.0,""learning_rate"":0.001,""weight_decay"":0.001}",2208050949.922846,2.710265264486461e+16,5.420530528948696e+16,2.710265043681366e+16,93.0,"[1.0841061057909504e+17, 44390.6708, 62990.872, 256018.5243]"
"{""activacion"":""relu"",""batch_norm"":true,""batch_size"":64,""capas_ocultas"":[128,64],""dropout"":0.1,""learning_rate"":0.0005,""weight_decay"":0.01}",189991741.68524376,4.7782326739187656e+16,9.556465347634925e+16,4.778232654919591e+16,89.0,"[1.9112930695371152e+17, 204165.5453, 206996.213, 2627945.1457]"
"{""activacion"":""relu"",""batch_norm"":false,""batch_size"":64,""capas_ocultas"":[64,32],""dropout"":0.25,""learning_rate"":0.001,""weight_decay"":0.01}",396544961.15411115,5.803405086537032e+16,1.1606810171995533e+17,5.803405046882536e+16,95.5,"[2.3213620344530333e+17, 121082.9061, 471113.2315, 15585766.8694]"
"{""activacion"":""relu"",""batch_norm"":true,""batch_size"":64,""capas_ocultas"":[128,64],""dropout"":0.25,""learning_rate"":0.001,""weight_decay"":0.01}",521621055.6806282,8.727276967631061e+16,1.7454553935210483e+17,8.727276915468955e+16,69.25,"[3.4909107870446784e+17, 204174.2024, 193521.3353, 376926.2813]"
"{""activacion"":""relu"",""batch_norm"":true,""batch_size"":32,""capas_ocultas"":[64,32],""dropout"":0.25,""learning_rate"":0.001,""weight_decay"":0.01}",196652235.9858298,1.3438818683667338e+17,2.6877637354137898e+17,1.3438818664002114e+17,69.75,"[5.375527471487419e+17, 204170.8737, 1066400.6079, 196681038.2447]"
"{""activacion"":""relu"",""batch_norm"":false,""batch_size"":32,""capas_ocultas"":[32],""dropout"":0.1,""learning_rate"":0.001,""weight_decay"":0.0001}",21002748913.73534,8.367019215329722e+17,1.673403843064692e+18,8.367019005302232e+17,63.0,"[3.34680768613001e+18, 84923.1874, 1384667.5298, 408873.7664]"
"{""activacion"":""relu"",""batch_norm"":true,""batch_size"":32,""capas_ocultas"":[128,64],""dropout"":0.1,""learning_rate"":0.001,""weight_decay"":0.01}",3310415975.6258492,1.8211364126885768e+18,3.6422728252856986e+18,1.821136409378161e+18,37.5,"[7.284545650617125e+18, 204164.7558, 505775.813, 136472119.1969]"
"{""activacion"":""relu"",""batch_norm"":false,""batch_size"":64,""capas_ocultas"":[128,64],""dropout"":0.25,""learning_rate"":0.001,""weight_decay"":0.01}",4238540354.3080263,2.3947154642309463e+18,4.789430928456502e+18,2.394715459992406e+18,82.0,"[9.5788618569157e+18, 3744257.9067, 67652.3356, 4274525.7209]"
"{""activacion"":""relu"",""batch_norm"":true,""batch_size"":32,""capas_ocultas"":[64,32],""dropout"":0.1,""learning_rate"":0.0005,""weight_decay"":0.001}",1002634241.6475164,2.421474453307394e+18,4.842948906614333e+18,2.42147445230476e+18,61.5,"[9.685897813228894e+18, 204174.2408, 107423.4695, 370688.3602]"
"{""activacion"":""relu"",""batch_norm"":false,""batch_size"":32,""capas_ocultas"":[64],""dropout"":0.0,""learning_rate"":0.001,""weight_decay"":0.001}",47509423525.44611,6.439910244507507e+18,1.2879820489013987e+19,6.439910196998084e+18,60.25,"[2.5759640978028487e+19, 47741.0992, 1006515.9956, 481964.036]"
"{""activacion"":""relu"",""batch_norm"":true,""batch_size"":64,""capas_ocultas"":[128,64],""dropout"":0.25,""learning_rate"":0.001,""weight_decay"":0.001}",8235275081.250004,6.916768105988484e+18,1.383353621197323e+19,6.916768097753209e+18,82.75,"[2.766707242394833e+19, 204158.4207, 129837.7908, 5271995.9564]"
"{""activacion"":""relu"",""batch_norm"":true,""batch_size"":32,""capas_ocultas"":[128,64],""dropout"":0.1,""learning_rate"":0.001,""weight_decay"":0.001}",15353251739.794876,1.69125669355136e+20,3.382513387102668e+20,1.6912566933978274e+20,41.0,"[6.765026774205361e+20, 204165.3207, 367595.1116, 7169693.4129]"
"{""activacion"":""relu"",""batch_norm"":false,""batch_size"":64,""capas_ocultas"":[64],""dropout"":0.0,""learning_rate"":0.001,""weight_decay"":0.0001}",431868616750.2621,2.4718656786968822e+20,4.943731357393762e+20,2.471865674378196e+20,111.0,"[9.887462714787525e+20, 73407.5326, 91776.19, 181436.9653]"
"{""activacion"":""relu"",""batch_norm"":false,""batch_size"":64,""capas_ocultas"":[32],""dropout"":0.0,""learning_rate"":0.001,""weight_decay"":0.0001}",978860547245.0983,7.880695036910098e+20,1.5761390073820196e+21,7.880695027121493e+20,109.5,"[3.1522780147640393e+21, 42007.1992, 119225.8493, 213220.4039]"
"{""activacion"":""relu"",""batch_norm"":false,""batch_size"":64,""capas_ocultas"":[64],""dropout"":0.1,""learning_rate"":0.001,""weight_decay"":0.0001}",990648437855.3759,1.976119165002431e+21,3.952238330004862e+21,1.9761191640117826e+21,91.25,"[7.904476660009724e+21, 52845.518, 93126.5511, 376835.9891]"
"{""activacion"":""relu"",""batch_norm"":true,""batch_size"":32,""capas_ocultas"":[64,32],""dropout"":0.1,""learning_rate"":0.001,""weight_decay"":0.001}",847899530119.4647,1.364382035827316e+22,2.7287640716546314e+22,1.364382035742526e+22,53.75,"[5.457528143309263e+22, 204173.3947, 6022697.2954, 259006.8786]"
"{""activacion"":""relu"",""batch_norm"":true,""batch_size"":32,""capas_ocultas"":[128,64],""dropout"":0.25,""learning_rate"":0.001,""weight_decay"":0.01}",553434672835.5332,2.1144783562093573e+22,4.228956712418714e+22,2.114478356154014e+22,54.25,"[8.457913424837427e+22, 204174.6082, 7785100.8369, 19310476.7029]"
"{""activacion"":""relu"",""batch_norm"":false,""batch_size"":32,""capas_ocultas"":[128,64],""dropout"":0.1,""learning_rate"":0.001,""weight_decay"":0.001}",611851221242.832,2.2019075253078443e+22,4.4038150506156885e+22,2.201907525246659e+22,96.5,"[8.807630101231377e+22, 75085.5034, 2123015.9787, 3076335.937]"
"{""activacion"":""relu"",""batch_norm"":true,""batch_size"":32,""capas_ocultas"":[128,64],""dropout"":0.25,""learning_rate"":0.001,""weight_decay"":0.001}",583269295290.7498,9.19178028443277e+22,1.838356056886554e+23,9.191780284374443e+22,33.25,"[3.676712113773108e+23, 204174.6082, 401110.9648, 14593262.3639]"
"{""activacion"":""relu"",""batch_norm"":false,""batch_size"":32,""capas_ocultas"":[64],""dropout"":0.1,""learning_rate"":0.001,""weight_decay"":0.001}",6882708900881.134,1.3235708969208778e+23,2.6471417938417555e+23,1.3235708968520507e+23,65.75,"[5.2942835876835104e+23, 71757.6914, 64026.1998, 221073.0427]"
"{""activacion"":""relu"",""batch_norm"":false,""batch_size"":32,""capas_ocultas"":[128,64],""dropout"":0.25,""learning_rate"":0.001,""weight_decay"":0.001}",1.867039409082404e+24,3.411944331970642e+23,6.82388866394071e+23,-1.5258449758853396e+24,45.0,"[1.3647777327881707e+24, 86136914438.6408, 87400.5609, 48178851.0171]"
"{""activacion"":""relu"",""batch_norm"":false,""batch_size"":64,""capas_ocultas"":[64,32],""dropout"":0.25,""learning_rate"":0.001,""weight_decay"":0.001}",2767141062477.2583,4.0865079030504375e+23,8.173015806100874e+23,4.086507903022766e+23,76.5,"[1.634603161220175e+24, 82504.8091, 356856.855, 13543043.3232]"
"{""activacion"":""relu"",""batch_norm"":true,""batch_size"":64,""capas_ocultas"":[64,32],""dropout"":0.25,""learning_rate"":0.001,""weight_decay"":0.001}",6416295732190.682,2.705524580472869e+24,5.411049160945739e+24,2.7055245804664526e+24,146.0,"[1.0822098321891475e+25, 204152.1134, 104261.7334, 214457.8276]"
"{""activacion"":""relu"",""batch_norm"":true,""batch_size"":32,""capas_ocultas"":[64,32],""dropout"":0.25,""learning_rate"":0.0005,""weight_decay"":0.001}",20584846910055.48,3.525897436564032e+24,7.051794873128064e+24,3.525897436543447e+24,102.5,"[1.4103589746256127e+25, 204152.9798, 5555728.8278, 2587855.8177]"
"{""activacion"":""relu"",""batch_norm"":false,""batch_size"":32,""capas_ocultas"":[32],""dropout"":0.0,""learning_rate"":0.001,""weight_decay"":0.0001}",80522945544528.84,5.821988099208136e+24,1.1643976198416272e+25,5.821988099127613e+24,88.5,"[2.3287952396832543e+25, 88009.1382, 50151.4003, 375235.034]"
"{""activacion"":""relu"",""batch_norm"":false,""batch_size"":64,""capas_ocultas"":[32],""dropout"":0.0,""learning_rate"":0.001,""weight_decay"":0.001}",100986457732776.88,6.436540636109598e+24,1.28730812722192e+25,6.436540636008612e+24,116.0,"[2.5746162544438394e+25, 48454.9555, 51149.868, 247153.0664]"
"{""activacion"":""relu"",""batch_norm"":true,""batch_size"":64,""capas_ocultas"":[128,64],""dropout"":0.1,""learning_rate"":0.0005,""weight_decay"":0.001}",10499803729340.617,7.390770866956457e+24,1.4781541733912915e+25,7.390770866945957e+24,127.25,"[2.956308346782583e+25, 204130.3909, 23192722.5901, 419124.4352]"
"{""activacion"":""relu"",""batch_norm"":false,""batch_size"":64,""capas_ocultas"":[64,32],""dropout"":0.25,""learning_rate"":0.0005,""weight_decay"":0.01}",41956255483011.16,3.1586551082378347e+25,6.3173102164756695e+25,3.158655108233639e+25,89.0,"[1.2634620432951339e+26, 1801061.6175, 701677.4289, 5503349.8754]"
"{""activacion"":""relu"",""batch_norm"":false,""batch_size"":32,""capas_ocultas"":[64,32],""dropout"":0.25,""learning_rate"":0.001,""weight_decay"":0.01}",66042600435243.375,5.0214744657557466e+25,1.0042948931511493e+26,5.021474465749143e+25,73.75,"[2.0085897863022986e+26, 111474.8277, 1674299.151, 19541350.696]"
"{""activacion"":""relu"",""batch_norm"":true,""batch_size"":32,""capas_ocultas"":[128,64],""dropout"":0.1,""learning_rate"":0.0005,""weight_decay"":0.01}",21656757405628.51,5.077992115648218e+25,1.0155984231296438e+26,5.0779921156460526e+25,100.5,"[2.0311968462592872e+26, 204170.9715, 375058418.5924, 2275595.3495]"
"{""activacion"":""relu"",""batch_norm"":false,""batch_size"":64,""capas_ocultas"":[64,32],""dropout"":0.25,""learning_rate"":0.0005,""weight_decay"":0.001}",85710359613796.39,6.14378490059595e+25,1.2287569801191901e+26,6.143784900587379e+25,89.0,"[2.45751396023838e+26, 628940.5857, 617285.6106, 5052172.4528]"
"{""activacion"":""relu"",""batch_norm"":false,""batch_size"":32,""capas_ocultas"":[128,64],""dropout"":0.1,""learning_rate"":0.0005,""weight_decay"":0.001}",29868512890010.71,6.486110811742338e+25,1.2972221623484676e+26,6.486110811739351e+25,113.25,"[2.5944443246969352e+26, 87324.4088, 654920.4994, 1067306.0491]"
"{""activacion"":""relu"",""batch_norm"":false,""batch_size"":32,""capas_ocultas"":[128,64],""dropout"":0.1,""learning_rate"":0.0005,""weight_decay"":0.01}",60000032235998.12,2.1474859838715414e+26,4.294971967743082e+26,2.1474859838709415e+26,98.75,"[8.589943935486166e+26, 83626.9411, 799257.5857, 1871631.4521]"
"{""activacion"":""relu"",""batch_norm"":false,""batch_size"":64,""capas_ocultas"":[32],""dropout"":0.1,""learning_rate"":0.001,""weight_decay"":0.0001}",302267185529679.8,2.688090067061644e+26,5.376180134123288e+26,2.6880900670586214e+26,68.75,"[1.0752360268246575e+27, 68395.3198, 79929.7906, 255324.5196]"
"{""activacion"":""relu"",""batch_norm"":false,""batch_size"":64,""capas_ocultas"":[32],""dropout"":0.1,""learning_rate"":0.001,""weight_decay"":0.001}",312172831801667.1,2.8369370656347078e+26,5.673874131269416e+26,2.8369370656315862e+26,68.75,"[1.134774826253883e+27, 68380.2115, 86545.6536, 252979.1544]"
"{""activacion"":""relu"",""batch_norm"":false,""batch_size"":32,""capas_ocultas"":[64,32],""dropout"":0.25,""learning_rate"":0.001,""weight_decay"":0.001}",244160459285956.84,5.8032353729688125e+26,1.1606470745937625e+27,5.803235372966371e+26,77.25,"[2.321294149187525e+27, 69831.5813, 495143.3647, 15636082.985]"
"{""activacion"":""relu"",""batch_norm"":false,""batch_size"":64,""capas_ocultas"":[128,64],""dropout"":0.1,""learning_rate"":0.001,""weight_decay"":0.01}",767473966789254.0,1.2127096248624086e+28,2.4254192497248172e+28,1.2127096248623319e+28,95.75,"[4.8508384994496344e+28, 65308.9084, 116225.0143, 2781848.0923]"
"{""activacion"":""relu"",""batch_norm"":false,""batch_size"":64,""capas_ocultas"":[128,64],""dropout"":0.1,""learning_rate"":0.0005,""weight_decay"":0.001}",1173400580859326.8,1.5053201379648515e+28,3.010640275929703e+28,1.505320137964734e+28,89.0,"[6.021280551859406e+28, 83099.4188, 625003.8515, 10151335.8423]"
"{""activacion"":""relu"",""batch_norm"":false,""batch_size"":32,""capas_ocultas"":[128,64],""dropout"":0.25,""learning_rate"":0.0005,""weight_decay"":0.01}",782198272693247.5,2.1732662903763824e+28,4.346532580752765e+28,2.173266290376304e+28,51.75,"[8.69306516150553e+28, 341214779.3189, 151332.9385, 22329283.5033]"
"{""activacion"":""relu"",""batch_norm"":false,""batch_size"":32,""capas_ocultas"":[32],""dropout"":0.1,""learning_rate"":0.001,""weight_decay"":0.001}",9425846202105424.0,2.3628769434672553e+28,4.725753886934511e+28,2.362876943466313e+28,73.25,"[9.451507773869021e+28, 84921.2796, 69036.9569, 269596.2704]"
"{""activacion"":""relu"",""batch_norm"":false,""batch_size"":32,""capas_ocultas"":[128,64],""dropout"":0.25,""learning_rate"":0.0005,""weight_decay"":0.001}",3350294654228356.0,1.4645107195403798e+29,2.9290214390807595e+29,1.4645107195403463e+29,47.25,"[5.858042878161519e+29, 335197595.5646, 146611.9629, 22989077.8609]"
"{""activacion"":""relu"",""batch_norm"":false,""batch_size"":64,""capas_ocultas"":[64,32],""dropout"":0.1,""learning_rate"":0.001,""weight_decay"":0.01}",1.306838267803371e+16,1.520778490787433e+30,3.0415569815748655e+30,1.52077849078742e+30,55.25,"[6.083113963149732e+30, 67577.6033, 104764.4332, 594724.1162]"
"{""activacion"":""relu"",""batch_norm"":false,""batch_size"":64,""capas_ocultas"":[128,64],""dropout"":0.1,""learning_rate"":0.0005,""weight_decay"":0.01}",1.7080703533542932e+16,1.6723268166188708e+30,3.3446536332377415e+30,1.6723268166188536e+30,80.25,"[6.689307266475483e+30, 297565.3596, 90792.8125, 10873344.1486]"
"{""activacion"":""relu"",""batch_norm"":false,""batch_size"":64,""capas_ocultas"":[64,32],""dropout"":0.1,""learning_rate"":0.001,""weight_decay"":0.001}",1.4492175946357824e+17,1.5177316058515259e+32,3.0354632117030518e+32,1.5177316058515244e+32,63.5,"[6.0709264234061035e+32, 69662.8451, 665391.9713, 554915.0133]"
"{""activacion"":""relu"",""batch_norm"":false,""batch_size"":32,""capas_ocultas"":[64,32],""dropout"":0.1,""learning_rate"":0.001,""weight_decay"":0.001}",3.013293626462646e+17,1.1468907132977e+33,2.2937814265954e+33,1.1468907132976997e+33,65.75,"[4.5875628531908e+33, 121056.2327, 73382.9638, 1939105.202]"
"{""activacion"":""relu"",""batch_norm"":false,""batch_size"":32,""capas_ocultas"":[32],""dropout"":0.0,""learning_rate"":0.001,""weight_decay"":0.001}",1.285858321510922e+19,3.151856987587785e+34,6.30371397517557e+34,3.1518569875877835e+34,77.5,"[1.260742795035114e+35, 40628.5842, 105039.8217, 386922.7582]"
"{""activacion"":""relu"",""batch_norm"":false,""batch_size"":32,""capas_ocultas"":[64,32],""dropout"":0.1,""learning_rate"":0.001,""weight_decay"":0.01}",6.952898601328866e+18,2.2324716674425658e+35,4.464943334885131e+35,2.2324716674425658e+35,61.25,"[8.929886669770263e+35, 69632.663, 71971.386, 1555342.8076]"
"{""activacion"":""relu"",""batch_norm"":false,""batch_size"":32,""capas_ocultas"":[128,64],""dropout"":0.1,""learning_rate"":0.001,""weight_decay"":0.01}",2.4283372996346245e+19,1.1589739095854763e+36,2.3179478191709526e+36,1.1589739095854763e+36,54.75,"[4.635895638341905e+36, 71446.254, 105366.0686, 2226947.9004]"
"{""activacion"":""relu"",""batch_norm"":false,""batch_size"":64,""capas_ocultas"":[128,64],""dropout"":0.25,""learning_rate"":0.0005,""weight_decay"":0.01}",6.305864088718746e+19,3.524791113009607e+37,7.049582226019214e+37,3.524791113009607e+37,46.0,"[1.4099164452038429e+38, 163328.4225, 82927.1044, 30978954.4092]"
"{""activacion"":""relu"",""batch_norm"":false,""batch_size"":64,""capas_ocultas"":[128,64],""dropout"":0.25,""learning_rate"":0.0005,""weight_decay"":0.001}",1.3057994354503306e+20,5.516748821090004e+37,1.1033497642180008e+38,5.516748821090004e+37,49.5,"[2.2066995284360015e+38, 158799.4551, 82926.5099, 35168512.5378]"
"{""activacion"":""relu"",""batch_norm"":false,""batch_size"":64,""capas_ocultas"":[64],""dropout"":0.1,""learning_rate"":0.001,""weight_decay"":0.001}",1.3634124341946207e+21,2.2978037954146354e+38,4.595607590829271e+38,2.2978037954146354e+38,75.25,"[9.191215181658542e+38, 63254.0205, 98822.2623, 378412.8084]"
"{""activacion"":""relu"",""batch_norm"":false,""batch_size"":64,""capas_ocultas"":[128,64],""dropout"":0.25,""learning_rate"":0.001,""weight_decay"":0.001}",5.965244053224616e+20,3.566425492529298e+39,7.132850985058596e+39,3.566425492529298e+39,51.25,"[1.4265701970117191e+40, 3776701.1567, 72922.252, 8676227.3376]"
"{""activacion"":""relu"",""batch_norm"":false,""batch_size"":32,""capas_ocultas"":[64,32],""dropout"":0.25,""learning_rate"":0.0005,""weight_decay"":0.01}",5.798590706781202e+21,1.697867455596268e+40,3.3957349111925363e+40,1.697867455596268e+40,66.0,"[6.791469822385072e+40, 66874.1629, 129967.0359, 4552724.8427]"
"{""activacion"":""relu"",""batch_norm"":false,""batch_size"":32,""capas_ocultas"":[64,32],""dropout"":0.25,""learning_rate"":0.0005,""weight_decay"":0.001}",5.882046598937578e+21,2.625839232500587e+40,5.251678465001174e+40,2.625839232500587e+40,75.5,"[1.0503356930002348e+41, 65489.7312, 84939.8698, 3234103.4807]"
"{""activacion"":""relu"",""batch_norm"":false,""batch_size"":32,""capas_ocultas"":[64],""dropout"":0.1,""learning_rate"":0.001,""weight_decay"":0.0001}",4.940633182227232e+22,2.1666005939720864e+41,4.333201187944173e+41,2.1666005939720864e+41,82.5,"[8.666402375888345e+41, 56853.9532, 55395.5547, 220860.3908]"
"{""activacion"":""relu"",""batch_norm"":false,""batch_size"":32,""capas_ocultas"":[64,32],""dropout"":0.1,""learning_rate"":0.0005,""weight_decay"":0.01}",2.523748762141681e+24,1.3246413911381874e+45,2.6492827822763748e+45,1.3246413911381874e+45,103.25,"[5.2985655645527496e+45, 55663.117, 107717.9925, 201615.7292]"
"{""activacion"":""relu"",""batch_norm"":false,""batch_size"":64,""capas_ocultas"":[64,32],""dropout"":0.1,""learning_rate"":0.0005,""weight_decay"":0.001}",4.6499304975292204e+24,2.088792422147038e+45,4.177584844294076e+45,2.088792422147038e+45,105.0,"[8.355169688588152e+45, 74361.7421, 73932.3517, 2082497.3418]"
"{""activacion"":""relu"",""batch_norm"":false,""batch_size"":32,""capas_ocultas"":[64,32],""dropout"":0.1,""learning_rate"":0.0005,""weight_decay"":0.001}",1.0624203783089878e+25,1.997166835906665e+46,3.9943336718133303e+46,1.997166835906665e+46,92.25,"[7.988667343626661e+46, 64785.7782, 111441.6012, 1620818.989]"
"{""activacion"":""relu"",""batch_norm"":false,""batch_size"":64,""capas_ocultas"":[64,32],""dropout"":0.1,""learning_rate"":0.0005,""weight_decay"":0.01}",4.107531432850376e+26,9.132032522695736e+48,1.8264065045391472e+49,9.132032522695736e+48,73.75,"[3.6528130090782943e+49, 114343.8101, 72376.6991, 2129237.4561]"
