Configuracion,Estado,Error,RMSE_entrenamiento_promedio,RMSE_CV_promedio,Desviacion_RMSE_CV,Brecha_CV_entrenamiento,Epocas_promedio,RMSE_por_fold
"{""activacion"":""leaky_relu"",""batch_norm"":false,""batch_size"":32,""capas_ocultas"":[32],""dropout"":0.0,""inicializacion"":""acorde_activacion"",""learning_rate"":0.0003,""pendiente_leaky"":0.01,""weight_decay"":0.0}",ok,,12096.386488141377,31747.81674342019,7835.07526164254,19651.430255278814,153.25,"[23661.1436, 30006.6185, 42468.8873, 30854.6175]"
"{""activacion"":""leaky_relu"",""batch_norm"":false,""batch_size"":32,""capas_ocultas"":[32],""dropout"":0.05,""inicializacion"":""acorde_activacion"",""learning_rate"":0.0003,""pendiente_leaky"":0.01,""weight_decay"":0.0}",ok,,19897.40126446916,31268.975176869866,4420.035872717418,11371.573912400705,225.75,"[29710.2299, 36170.4385, 33242.4234, 25952.8089]"
"{""activacion"":""leaky_relu"",""batch_norm"":false,""batch_size"":32,""capas_ocultas"":[32],""dropout"":0.0,""inicializacion"":""acorde_activacion"",""learning_rate"":0.0003,""pendiente_leaky"":0.01,""weight_decay"":0.0001}",ok,,11998.545041838732,31996.411307288752,7514.715627703801,19997.866265450022,160.0,"[24598.3456, 30067.4677, 42467.846, 30851.986]"
"{""activacion"":""leaky_relu"",""batch_norm"":false,""batch_size"":32,""capas_ocultas"":[32],""dropout"":0.05,""inicializacion"":""acorde_activacion"",""learning_rate"":0.0003,""pendiente_leaky"":0.01,""weight_decay"":0.0001}",ok,,19884.0717967703,31265.358404949762,4465.116993296139,11381.286608179464,225.75,"[29635.521, 36166.97, 33356.2252, 25902.7174]"
"{""activacion"":""leaky_relu"",""batch_norm"":false,""batch_size"":32,""capas_ocultas"":[32],""dropout"":0.0,""inicializacion"":""acorde_activacion"",""learning_rate"":0.0003,""pendiente_leaky"":0.01,""weight_decay"":0.001}",ok,,12004.337577284721,31995.01495565199,7507.676469169624,19990.67737836727,160.0,"[24596.659, 30083.0291, 42453.7634, 30846.6082]"
"{""activacion"":""leaky_relu"",""batch_norm"":false,""batch_size"":32,""capas_ocultas"":[32],""dropout"":0.05,""inicializacion"":""acorde_activacion"",""learning_rate"":0.0003,""pendiente_leaky"":0.01,""weight_decay"":0.001}",ok,,19880.111930505816,31250.845256658464,4404.2559158503645,11370.733326152647,225.75,"[29623.6439, 36172.9155, 33201.3109, 26005.5107]"
"{""activacion"":""leaky_relu"",""batch_norm"":false,""batch_size"":64,""capas_ocultas"":[32],""dropout"":0.0,""inicializacion"":""acorde_activacion"",""learning_rate"":0.0003,""pendiente_leaky"":0.01,""weight_decay"":0.0}",ok,,11370.130351307072,32166.26319629213,6856.375511320388,20796.132844985055,289.5,"[24401.2598, 31642.2463, 41112.1197, 31509.4269]"
"{""activacion"":""leaky_relu"",""batch_norm"":false,""batch_size"":64,""capas_ocultas"":[32],""dropout"":0.05,""inicializacion"":""acorde_activacion"",""learning_rate"":0.0003,""pendiente_leaky"":0.01,""weight_decay"":0.0}",ok,,20178.80425735213,33388.58749144447,6178.576366758522,13209.783234092341,272.75,"[31932.5547, 33930.7577, 41318.5658, 26372.4717]"
"{""activacion"":""leaky_relu"",""batch_norm"":false,""batch_size"":64,""capas_ocultas"":[32],""dropout"":0.0,""inicializacion"":""acorde_activacion"",""learning_rate"":0.0003,""pendiente_leaky"":0.01,""weight_decay"":0.0001}",ok,,11368.84509143895,32168.2660031527,6881.040461270022,20799.42091171375,289.5,"[24387.5769, 31633.18, 41155.4732, 31496.834]"
"{""activacion"":""leaky_relu"",""batch_norm"":false,""batch_size"":64,""capas_ocultas"":[32],""dropout"":0.05,""inicializacion"":""acorde_activacion"",""learning_rate"":0.0003,""pendiente_leaky"":0.01,""weight_decay"":0.0001}",ok,,20191.608463787714,33413.46623202518,6136.261163682648,13221.857768237467,272.75,"[31931.0752, 33929.606, 41313.815, 26479.3687]"
"{""activacion"":""leaky_relu"",""batch_norm"":false,""batch_size"":64,""capas_ocultas"":[32],""dropout"":0.0,""inicializacion"":""acorde_activacion"",""learning_rate"":0.0003,""pendiente_leaky"":0.01,""weight_decay"":0.001}",ok,,11367.192016012401,32178.696233598544,6866.98436058386,20811.504217586145,289.5,"[24408.272, 31673.6822, 41142.9282, 31489.9025]"
"{""activacion"":""leaky_relu"",""batch_norm"":false,""batch_size"":64,""capas_ocultas"":[32],""dropout"":0.05,""inicializacion"":""acorde_activacion"",""learning_rate"":0.0003,""pendiente_leaky"":0.01,""weight_decay"":0.001}",ok,,20177.18447041927,33382.129299216365,6166.33421950595,13204.944828797095,272.75,"[31970.4057, 33892.3279, 41296.5167, 26369.2669]"
"{""activacion"":""leaky_relu"",""batch_norm"":false,""batch_size"":128,""capas_ocultas"":[32],""dropout"":0.0,""inicializacion"":""acorde_activacion"",""learning_rate"":0.0003,""pendiente_leaky"":0.01,""weight_decay"":0.0}",ok,,12777.148070815709,31294.72435594975,6776.032934961256,18517.57628513404,401.0,"[24039.4577, 30703.7719, 40412.7435, 30022.9244]"
"{""activacion"":""leaky_relu"",""batch_norm"":false,""batch_size"":128,""capas_ocultas"":[32],""dropout"":0.05,""inicializacion"":""acorde_activacion"",""learning_rate"":0.0003,""pendiente_leaky"":0.01,""weight_decay"":0.0}",ok,,23542.54413938129,38159.35300629517,10024.120357371656,14616.808866913878,257.75,"[37362.4143, 46941.3079, 43959.9772, 24373.7126]"
"{""activacion"":""leaky_relu"",""batch_norm"":false,""batch_size"":128,""capas_ocultas"":[32],""dropout"":0.0,""inicializacion"":""acorde_activacion"",""learning_rate"":0.0003,""pendiente_leaky"":0.01,""weight_decay"":0.0001}",ok,,12776.85126844493,31285.670727699886,6761.050779557699,18508.819459254955,401.0,"[24082.451, 30733.1226, 40401.2914, 29925.818]"
"{""activacion"":""leaky_relu"",""batch_norm"":false,""batch_size"":128,""capas_ocultas"":[32],""dropout"":0.05,""inicializacion"":""acorde_activacion"",""learning_rate"":0.0003,""pendiente_leaky"":0.01,""weight_decay"":0.0001}",ok,,23536.666939440653,38153.642185609366,10021.596601668001,14616.975246168713,257.75,"[37348.7428, 46934.4076, 43957.0388, 24374.3796]"
"{""activacion"":""leaky_relu"",""batch_norm"":false,""batch_size"":128,""capas_ocultas"":[32],""dropout"":0.0,""inicializacion"":""acorde_activacion"",""learning_rate"":0.0003,""pendiente_leaky"":0.01,""weight_decay"":0.001}",ok,,12778.567303605667,31280.545435499393,6756.607245112107,18501.978131893724,401.0,"[24079.2994, 30729.2074, 40388.5688, 29925.1061]"
"{""activacion"":""leaky_relu"",""batch_norm"":false,""batch_size"":128,""capas_ocultas"":[32],""dropout"":0.05,""inicializacion"":""acorde_activacion"",""learning_rate"":0.0003,""pendiente_leaky"":0.01,""weight_decay"":0.001}",ok,,23533.605478079397,38148.32971680106,10017.31543099904,14614.724238721665,257.75,"[37344.6104, 46928.5296, 43945.0225, 24375.1564]"
"{""activacion"":""leaky_relu"",""batch_norm"":false,""batch_size"":32,""capas_ocultas"":[32],""dropout"":0.0,""inicializacion"":""acorde_activacion"",""learning_rate"":0.0001,""pendiente_leaky"":0.01,""weight_decay"":0.0}",ok,,10356.045957804112,32802.845662039435,8817.28934786625,22446.799704235324,377.75,"[24810.5815, 30372.5233, 45401.15, 30627.1279]"
"{""activacion"":""leaky_relu"",""batch_norm"":false,""batch_size"":32,""capas_ocultas"":[32],""dropout"":0.05,""inicializacion"":""acorde_activacion"",""learning_rate"":0.0001,""pendiente_leaky"":0.01,""weight_decay"":0.0}",ok,,19018.84262007238,32667.032538585674,8428.213324778177,13648.189918513293,399.5,"[25166.3179, 37913.112, 41756.1521, 25832.5482]"
"{""activacion"":""leaky_relu"",""batch_norm"":false,""batch_size"":32,""capas_ocultas"":[32],""dropout"":0.0,""inicializacion"":""acorde_activacion"",""learning_rate"":0.0001,""pendiente_leaky"":0.01,""weight_decay"":0.0001}",ok,,10356.045957804112,32802.845662039435,8817.28934786625,22446.799704235324,377.75,"[24810.5815, 30372.5233, 45401.15, 30627.1279]"
"{""activacion"":""leaky_relu"",""batch_norm"":false,""batch_size"":32,""capas_ocultas"":[32],""dropout"":0.05,""inicializacion"":""acorde_activacion"",""learning_rate"":0.0001,""pendiente_leaky"":0.01,""weight_decay"":0.0001}",ok,,19018.84262007238,32667.032538585674,8428.213324778177,13648.189918513293,399.5,"[25166.3179, 37913.112, 41756.1521, 25832.5482]"
"{""activacion"":""leaky_relu"",""batch_norm"":false,""batch_size"":32,""capas_ocultas"":[32],""dropout"":0.0,""inicializacion"":""acorde_activacion"",""learning_rate"":0.0001,""pendiente_leaky"":0.01,""weight_decay"":0.001}",ok,,10576.992861991988,32967.07816707796,9182.684070298454,22390.085305085973,362.25,"[24794.4863, 30315.1083, 46143.2269, 30615.4912]"
"{""activacion"":""leaky_relu"",""batch_norm"":false,""batch_size"":32,""capas_ocultas"":[32],""dropout"":0.05,""inicializacion"":""acorde_activacion"",""learning_rate"":0.0001,""pendiente_leaky"":0.01,""weight_decay"":0.001}",ok,,19015.101255132773,32666.23986833932,8408.95493255414,13651.138613206545,399.5,"[25202.9167, 37868.0683, 41759.8441, 25834.1304]"
"{""activacion"":""leaky_relu"",""batch_norm"":false,""batch_size"":64,""capas_ocultas"":[32],""dropout"":0.0,""inicializacion"":""acorde_activacion"",""learning_rate"":0.0001,""pendiente_leaky"":0.01,""weight_decay"":0.0}",ok,,10825.448977205779,31995.921914432005,7584.22133246688,21170.472937226226,597.5,"[24445.001, 31174.3205, 42499.6287, 29864.7375]"
"{""activacion"":""leaky_relu"",""batch_norm"":false,""batch_size"":64,""capas_ocultas"":[32],""dropout"":0.05,""inicializacion"":""acorde_activacion"",""learning_rate"":0.0001,""pendiente_leaky"":0.01,""weight_decay"":0.0}",ok,,20728.597838827125,34682.58073870111,8274.211157573867,13953.982899873983,415.25,"[30013.8527, 38174.4857, 44509.6294, 26032.3551]"
"{""activacion"":""leaky_relu"",""batch_norm"":false,""batch_size"":64,""capas_ocultas"":[32],""dropout"":0.0,""inicializacion"":""acorde_activacion"",""learning_rate"":0.0001,""pendiente_leaky"":0.01,""weight_decay"":0.0001}",ok,,10825.448977205779,31995.921914432005,7584.22133246688,21170.472937226226,597.5,"[24445.001, 31174.3205, 42499.6287, 29864.7375]"
"{""activacion"":""leaky_relu"",""batch_norm"":false,""batch_size"":64,""capas_ocultas"":[32],""dropout"":0.05,""inicializacion"":""acorde_activacion"",""learning_rate"":0.0001,""pendiente_leaky"":0.01,""weight_decay"":0.0001}",ok,,20728.597838827125,34682.58073870111,8274.211157573867,13953.982899873983,415.25,"[30013.8527, 38174.4857, 44509.6294, 26032.3551]"
"{""activacion"":""leaky_relu"",""batch_norm"":false,""batch_size"":64,""capas_ocultas"":[32],""dropout"":0.0,""inicializacion"":""acorde_activacion"",""learning_rate"":0.0001,""pendiente_leaky"":0.01,""weight_decay"":0.001}",ok,,11576.946032072809,32528.221370998453,6896.778152714541,20951.275338925647,555.75,"[26640.4015, 31141.4064, 42476.1177, 29854.96]"
"{""activacion"":""leaky_relu"",""batch_norm"":false,""batch_size"":64,""capas_ocultas"":[32],""dropout"":0.05,""inicializacion"":""acorde_activacion"",""learning_rate"":0.0001,""pendiente_leaky"":0.01,""weight_decay"":0.001}",ok,,20723.523640094052,34668.92758558251,8285.410143226682,13945.403945488459,415.25,"[29976.8169, 38173.9124, 44507.4515, 26017.5295]"
"{""activacion"":""leaky_relu"",""batch_norm"":false,""batch_size"":128,""capas_ocultas"":[32],""dropout"":0.0,""inicializacion"":""acorde_activacion"",""learning_rate"":0.0001,""pendiente_leaky"":0.01,""weight_decay"":0.0}",ok,,13310.34604955682,33893.40527015785,4670.184407754219,20583.059220601026,777.0,"[30705.1701, 33959.2983, 40473.9474, 30435.2053]"
"{""activacion"":""leaky_relu"",""batch_norm"":false,""batch_size"":128,""capas_ocultas"":[32],""dropout"":0.05,""inicializacion"":""acorde_activacion"",""learning_rate"":0.0001,""pendiente_leaky"":0.01,""weight_decay"":0.0}",ok,,23005.778702983065,37929.44440405255,7197.631521143464,14923.665701069483,565.5,"[33563.3747, 45749.765, 42085.8466, 30318.7913]"
"{""activacion"":""leaky_relu"",""batch_norm"":false,""batch_size"":128,""capas_ocultas"":[32],""dropout"":0.0,""inicializacion"":""acorde_activacion"",""learning_rate"":0.0001,""pendiente_leaky"":0.01,""weight_decay"":0.0001}",ok,,13310.34604955682,33893.40527015785,4670.184407754219,20583.059220601026,777.0,"[30705.1701, 33959.2983, 40473.9474, 30435.2053]"
"{""activacion"":""leaky_relu"",""batch_norm"":false,""batch_size"":128,""capas_ocultas"":[32],""dropout"":0.05,""inicializacion"":""acorde_activacion"",""learning_rate"":0.0001,""pendiente_leaky"":0.01,""weight_decay"":0.0001}",ok,,23005.778702983065,37929.44440405255,7197.631521143464,14923.665701069483,565.5,"[33563.3747, 45749.765, 42085.8466, 30318.7913]"
"{""activacion"":""leaky_relu"",""batch_norm"":false,""batch_size"":128,""capas_ocultas"":[32],""dropout"":0.0,""inicializacion"":""acorde_activacion"",""learning_rate"":0.0001,""pendiente_leaky"":0.01,""weight_decay"":0.001}",ok,,13309.41034341929,33903.56574447619,4650.831362886196,20594.1554010569,777.0,"[30781.9081, 33966.5578, 40456.0582, 30409.7389]"
"{""activacion"":""leaky_relu"",""batch_norm"":false,""batch_size"":128,""capas_ocultas"":[32],""dropout"":0.05,""inicializacion"":""acorde_activacion"",""learning_rate"":0.0001,""pendiente_leaky"":0.01,""weight_decay"":0.001}",ok,,23012.338755501918,37908.30249332213,7201.166604077328,14895.963737820213,565.5,"[33551.1979, 45745.3574, 42046.7448, 30289.9098]"
"{""activacion"":""tanh"",""batch_norm"":false,""batch_size"":32,""capas_ocultas"":[128,64,32],""dropout"":0.0,""inicializacion"":""acorde_activacion"",""learning_rate"":0.001,""pendiente_leaky"":0.01,""weight_decay"":0.0}",ok,,18473.46726127567,34434.75649193,9425.201652038859,15961.289230654329,66.0,"[27254.2724, 37230.7363, 46564.6765, 26689.3408]"
"{""activacion"":""tanh"",""batch_norm"":false,""batch_size"":32,""capas_ocultas"":[128,64,32],""dropout"":0.05,""inicializacion"":""acorde_activacion"",""learning_rate"":0.001,""pendiente_leaky"":0.01,""weight_decay"":0.0}",ok,,37550.111886894396,38454.586924028496,9030.762744034697,904.4750371340997,104.5,"[34970.4085, 48499.5813, 42593.7633, 27754.5946]"
"{""activacion"":""tanh"",""batch_norm"":false,""batch_size"":32,""capas_ocultas"":[128,64,32],""dropout"":0.0,""inicializacion"":""acorde_activacion"",""learning_rate"":0.001,""pendiente_leaky"":0.01,""weight_decay"":0.0001}",ok,,18508.186983824926,34435.332889068886,9429.365661571703,15927.14590524396,66.0,"[27253.6578, 37236.1728, 46568.6321, 26682.8688]"
"{""activacion"":""tanh"",""batch_norm"":false,""batch_size"":32,""capas_ocultas"":[128,64,32],""dropout"":0.05,""inicializacion"":""acorde_activacion"",""learning_rate"":0.001,""pendiente_leaky"":0.01,""weight_decay"":0.0001}",ok,,37526.22866300435,38431.08033086141,9049.16874973802,904.8516678570595,104.5,"[34842.0494, 48514.5442, 42600.6067, 27767.121]"
"{""activacion"":""tanh"",""batch_norm"":false,""batch_size"":32,""capas_ocultas"":[128,64,32],""dropout"":0.0,""inicializacion"":""acorde_activacion"",""learning_rate"":0.001,""pendiente_leaky"":0.01,""weight_decay"":0.001}",ok,,18120.435646529935,34610.86048183974,9274.698380238597,16490.42483530981,61.75,"[27249.1183, 37277.6486, 46595.0326, 27321.6423]"
"{""activacion"":""tanh"",""batch_norm"":false,""batch_size"":32,""capas_ocultas"":[128,64,32],""dropout"":0.05,""inicializacion"":""acorde_activacion"",""learning_rate"":0.001,""pendiente_leaky"":0.01,""weight_decay"":0.001}",ok,,37672.76624531769,38737.80740409433,8911.068199250372,1065.041158776643,104.5,"[35864.8945, 48558.4778, 42659.4188, 27868.4386]"
"{""activacion"":""tanh"",""batch_norm"":false,""batch_size"":64,""capas_ocultas"":[128,64,32],""dropout"":0.0,""inicializacion"":""acorde_activacion"",""learning_rate"":0.001,""pendiente_leaky"":0.01,""weight_decay"":0.0}",ok,,18206.540825898348,32938.72902763415,6160.57702559375,14732.188201735804,101.25,"[28572.4013, 36064.7282, 40049.3567, 27068.4298]"
"{""activacion"":""tanh"",""batch_norm"":false,""batch_size"":64,""capas_ocultas"":[128,64,32],""dropout"":0.05,""inicializacion"":""acorde_activacion"",""learning_rate"":0.001,""pendiente_leaky"":0.01,""weight_decay"":0.0}",ok,,39145.94754433653,41070.378923278506,8413.41804115985,1924.4313789419757,133.25,"[37263.6982, 47473.0829, 48533.1237, 31011.6109]"
"{""activacion"":""tanh"",""batch_norm"":false,""batch_size"":64,""capas_ocultas"":[128,64,32],""dropout"":0.0,""inicializacion"":""acorde_activacion"",""learning_rate"":0.001,""pendiente_leaky"":0.01,""weight_decay"":0.0001}",ok,,18217.714498315705,32939.08162185575,6166.780396876937,14721.367123540047,101.25,"[28572.7812, 36069.9439, 40055.1662, 27058.4351]"
"{""activacion"":""tanh"",""batch_norm"":false,""batch_size"":64,""capas_ocultas"":[128,64,32],""dropout"":0.05,""inicializacion"":""acorde_activacion"",""learning_rate"":0.001,""pendiente_leaky"":0.01,""weight_decay"":0.0001}",ok,,39148.60846946996,41074.656530584056,8414.264983572783,1926.0480611140956,133.25,"[37266.1922, 47477.6323, 48539.0023, 31015.7993]"
"{""activacion"":""tanh"",""batch_norm"":false,""batch_size"":64,""capas_ocultas"":[128,64,32],""dropout"":0.0,""inicializacion"":""acorde_activacion"",""learning_rate"":0.001,""pendiente_leaky"":0.01,""weight_decay"":0.001}",ok,,18305.511149300222,32939.9156823982,6214.823339620384,14634.404533097975,101.25,"[28574.7466, 36109.8088, 40097.0819, 26978.0254]"
"{""activacion"":""tanh"",""batch_norm"":false,""batch_size"":64,""capas_ocultas"":[128,64,32],""dropout"":0.05,""inicializacion"":""acorde_activacion"",""learning_rate"":0.001,""pendiente_leaky"":0.01,""weight_decay"":0.001}",ok,,38969.4292524589,40921.33011230815,8539.99323461491,1951.900859849251,133.25,"[36541.9651, 47512.9843, 48582.1291, 31048.2419]"
"{""activacion"":""tanh"",""batch_norm"":false,""batch_size"":128,""capas_ocultas"":[128,64,32],""dropout"":0.0,""inicializacion"":""acorde_activacion"",""learning_rate"":0.001,""pendiente_leaky"":0.01,""weight_decay"":0.0}",ok,,17546.973271822495,31863.835008381327,6530.15212307171,14316.861736558832,184.75,"[27276.2693, 32768.9749, 40750.7378, 26659.358]"
"{""activacion"":""tanh"",""batch_norm"":false,""batch_size"":128,""capas_ocultas"":[128,64,32],""dropout"":0.05,""inicializacion"":""acorde_activacion"",""learning_rate"":0.001,""pendiente_leaky"":0.01,""weight_decay"":0.0}",ok,,39462.24789847306,40936.31726989474,10322.870460641616,1474.069371421676,192.75,"[35545.3366, 50444.9277, 48668.5999, 29086.4049]"
"{""activacion"":""tanh"",""batch_norm"":false,""batch_size"":128,""capas_ocultas"":[128,64,32],""dropout"":0.0,""inicializacion"":""acorde_activacion"",""learning_rate"":0.001,""pendiente_leaky"":0.01,""weight_decay"":0.0001}",ok,,17557.730061923172,31863.934394165284,6534.168400102853,14306.204332242112,184.75,"[27275.7791, 32771.4363, 40755.4219, 26653.1004]"
"{""activacion"":""tanh"",""batch_norm"":false,""batch_size"":128,""capas_ocultas"":[128,64,32],""dropout"":0.05,""inicializacion"":""acorde_activacion"",""learning_rate"":0.001,""pendiente_leaky"":0.01,""weight_decay"":0.0001}",ok,,39466.89669404183,40939.51824567032,10324.192395362139,1472.6215516284865,192.75,"[35546.1064, 50447.0655, 48675.8525, 29089.0486]"
"{""activacion"":""tanh"",""batch_norm"":false,""batch_size"":128,""capas_ocultas"":[128,64,32],""dropout"":0.0,""inicializacion"":""acorde_activacion"",""learning_rate"":0.001,""pendiente_leaky"":0.01,""weight_decay"":0.001}",ok,,17642.571196942306,31864.8096024419,6565.614499256172,14222.238405499593,184.75,"[27273.3754, 32791.2456, 40791.892, 26602.7254]"
"{""activacion"":""tanh"",""batch_norm"":false,""batch_size"":128,""capas_ocultas"":[128,64,32],""dropout"":0.05,""inicializacion"":""acorde_activacion"",""learning_rate"":0.001,""pendiente_leaky"":0.01,""weight_decay"":0.001}",ok,,39506.2037692924,40965.67992212228,10335.799328683988,1459.476152829884,192.75,"[35554.6993, 50465.5015, 48734.5568, 29107.962]"
