Configuracion,Semilla,Estado,Error,RMSE_entrenamiento_promedio,RMSE_CV_promedio,Desviacion_RMSE_CV,Brecha_CV_entrenamiento,Epocas_promedio,RMSE_por_fold
"{""activacion"":""leaky_relu"",""batch_norm"":false,""batch_size"":32,""capas_ocultas"":[32],""dropout"":0.05,""inicializacion"":""acorde_activacion"",""learning_rate"":0.0003,""pendiente_leaky"":0.01,""weight_decay"":0.001}",2026,ok,,19880.111930505816,31250.845256658464,4404.2559158503645,11370.733326152647,225.75,"[29623.6439, 36172.9155, 33201.3109, 26005.5107]"
"{""activacion"":""leaky_relu"",""batch_norm"":false,""batch_size"":32,""capas_ocultas"":[32],""dropout"":0.05,""inicializacion"":""acorde_activacion"",""learning_rate"":0.0003,""pendiente_leaky"":0.01,""weight_decay"":0.0001}",2026,ok,,19884.0717967703,31265.358404949762,4465.116993296139,11381.286608179464,225.75,"[29635.521, 36166.97, 33356.2252, 25902.7174]"
"{""activacion"":""leaky_relu"",""batch_norm"":false,""batch_size"":32,""capas_ocultas"":[32],""dropout"":0.05,""inicializacion"":""acorde_activacion"",""learning_rate"":0.0003,""pendiente_leaky"":0.01,""weight_decay"":0.0}",2026,ok,,19897.40126446916,31268.975176869866,4420.035872717418,11371.573912400705,225.75,"[29710.2299, 36170.4385, 33242.4234, 25952.8089]"
"{""activacion"":""leaky_relu"",""batch_norm"":false,""batch_size"":128,""capas_ocultas"":[32],""dropout"":0.0,""inicializacion"":""acorde_activacion"",""learning_rate"":0.0003,""pendiente_leaky"":0.01,""weight_decay"":0.001}",2026,ok,,12778.567303605667,31280.545435499393,6756.607245112107,18501.978131893724,401.0,"[24079.2994, 30729.2074, 40388.5688, 29925.1061]"
"{""activacion"":""leaky_relu"",""batch_norm"":false,""batch_size"":128,""capas_ocultas"":[32],""dropout"":0.0,""inicializacion"":""acorde_activacion"",""learning_rate"":0.0003,""pendiente_leaky"":0.01,""weight_decay"":0.0001}",2026,ok,,12776.85126844493,31285.670727699886,6761.050779557699,18508.819459254955,401.0,"[24082.451, 30733.1226, 40401.2914, 29925.818]"
"{""activacion"":""leaky_relu"",""batch_norm"":false,""batch_size"":32,""capas_ocultas"":[32],""dropout"":0.05,""inicializacion"":""acorde_activacion"",""learning_rate"":0.0003,""pendiente_leaky"":0.01,""weight_decay"":0.001}",42,ok,,27046.455923519738,40047.49010369028,13344.704852982095,13001.034180170544,95.5,"[26093.3217, 52374.9868, 31211.1001, 50510.5519]"
"{""activacion"":""leaky_relu"",""batch_norm"":false,""batch_size"":32,""capas_ocultas"":[32],""dropout"":0.05,""inicializacion"":""acorde_activacion"",""learning_rate"":0.0003,""pendiente_leaky"":0.01,""weight_decay"":0.0001}",42,ok,,27046.881491252047,40050.98199477344,13335.47801630405,13004.100503521397,95.5,"[26107.9123, 52375.9347, 31219.4461, 50500.6349]"
"{""activacion"":""leaky_relu"",""batch_norm"":false,""batch_size"":32,""capas_ocultas"":[32],""dropout"":0.05,""inicializacion"":""acorde_activacion"",""learning_rate"":0.0003,""pendiente_leaky"":0.01,""weight_decay"":0.0}",42,ok,,27047.08947661928,40053.168162311034,13336.612916858376,13006.078685691755,95.5,"[26101.8776, 52376.2582, 31229.5001, 50505.0368]"
"{""activacion"":""leaky_relu"",""batch_norm"":false,""batch_size"":128,""capas_ocultas"":[32],""dropout"":0.0,""inicializacion"":""acorde_activacion"",""learning_rate"":0.0003,""pendiente_leaky"":0.01,""weight_decay"":0.001}",42,ok,,29545.727715666657,56804.25178215204,34005.08295024583,27258.52406648538,223.25,"[25846.9644, 93210.2688, 78271.2175, 29888.5564]"
"{""activacion"":""leaky_relu"",""batch_norm"":false,""batch_size"":128,""capas_ocultas"":[32],""dropout"":0.0,""inicializacion"":""acorde_activacion"",""learning_rate"":0.0003,""pendiente_leaky"":0.01,""weight_decay"":0.0001}",42,ok,,29546.290454015576,56798.47873820849,34030.68966783394,27252.188284192915,223.25,"[25852.6383, 93204.602, 78320.1962, 29816.4784]"
"{""activacion"":""leaky_relu"",""batch_norm"":false,""batch_size"":32,""capas_ocultas"":[32],""dropout"":0.05,""inicializacion"":""acorde_activacion"",""learning_rate"":0.0003,""pendiente_leaky"":0.01,""weight_decay"":0.001}",31415,ok,,24406.013358948236,33493.15433192032,6821.8592976838345,9087.140972972084,146.25,"[41572.4525, 25059.8923, 34926.2575, 32414.0151]"
"{""activacion"":""leaky_relu"",""batch_norm"":false,""batch_size"":32,""capas_ocultas"":[32],""dropout"":0.05,""inicializacion"":""acorde_activacion"",""learning_rate"":0.0003,""pendiente_leaky"":0.01,""weight_decay"":0.0001}",31415,ok,,24411.500680356905,33505.96638279715,6793.368801260108,9094.465702440248,146.25,"[41578.5856, 25129.3059, 34896.4813, 32419.4927]"
"{""activacion"":""leaky_relu"",""batch_norm"":false,""batch_size"":32,""capas_ocultas"":[32],""dropout"":0.05,""inicializacion"":""acorde_activacion"",""learning_rate"":0.0003,""pendiente_leaky"":0.01,""weight_decay"":0.0}",31415,ok,,24411.163623240114,33495.26618695938,6815.491727114564,9084.102563719265,146.25,"[41581.5345, 25078.551, 34899.3106, 32421.6686]"
"{""activacion"":""leaky_relu"",""batch_norm"":false,""batch_size"":128,""capas_ocultas"":[32],""dropout"":0.0,""inicializacion"":""acorde_activacion"",""learning_rate"":0.0003,""pendiente_leaky"":0.01,""weight_decay"":0.001}",31415,ok,,13593.090449476109,33351.16238445045,3537.421215804772,19758.07193497434,343.25,"[32683.0744, 32515.1394, 38302.2413, 29904.1945]"
"{""activacion"":""leaky_relu"",""batch_norm"":false,""batch_size"":128,""capas_ocultas"":[32],""dropout"":0.0,""inicializacion"":""acorde_activacion"",""learning_rate"":0.0003,""pendiente_leaky"":0.01,""weight_decay"":0.0001}",31415,ok,,13594.302226276952,33358.690530524094,3545.250446013143,19764.388304247143,343.25,"[32687.5078, 32530.9117, 38318.1152, 29898.2274]"
"{""activacion"":""leaky_relu"",""batch_norm"":false,""batch_size"":32,""capas_ocultas"":[32],""dropout"":0.05,""inicializacion"":""acorde_activacion"",""learning_rate"":0.0003,""pendiente_leaky"":0.01,""weight_decay"":0.001}",2718,ok,,22118.35528764546,36832.44926865555,12459.10199920207,14714.093981010094,179.75,"[54775.3028, 35702.7576, 27676.1126, 29175.6241]"
"{""activacion"":""leaky_relu"",""batch_norm"":false,""batch_size"":32,""capas_ocultas"":[32],""dropout"":0.05,""inicializacion"":""acorde_activacion"",""learning_rate"":0.0003,""pendiente_leaky"":0.01,""weight_decay"":0.0001}",2718,ok,,22111.893493419164,36980.8250359391,12692.902087845312,14868.931542519938,179.75,"[55299.2137, 35694.557, 27735.0819, 29194.4475]"
"{""activacion"":""leaky_relu"",""batch_norm"":false,""batch_size"":32,""capas_ocultas"":[32],""dropout"":0.05,""inicializacion"":""acorde_activacion"",""learning_rate"":0.0003,""pendiente_leaky"":0.01,""weight_decay"":0.0}",2718,ok,,22112.454828328842,36973.63183163926,12641.584213235017,14861.177003310415,179.75,"[55211.5537, 35707.5091, 27718.6055, 29256.859]"
"{""activacion"":""leaky_relu"",""batch_norm"":false,""batch_size"":128,""capas_ocultas"":[32],""dropout"":0.0,""inicializacion"":""acorde_activacion"",""learning_rate"":0.0003,""pendiente_leaky"":0.01,""weight_decay"":0.001}",2718,ok,,12347.347059462543,33124.64139634154,8770.583610558719,20777.294336878997,378.0,"[45558.8863, 32220.5963, 29465.3564, 25253.7266]"
"{""activacion"":""leaky_relu"",""batch_norm"":false,""batch_size"":128,""capas_ocultas"":[32],""dropout"":0.0,""inicializacion"":""acorde_activacion"",""learning_rate"":0.0003,""pendiente_leaky"":0.01,""weight_decay"":0.0001}",2718,ok,,12347.802731935433,33131.60179510523,8779.281916460415,20783.799063169794,378.0,"[45576.1947, 32224.3563, 29482.0311, 25243.8252]"
"{""activacion"":""leaky_relu"",""batch_norm"":false,""batch_size"":32,""capas_ocultas"":[32],""dropout"":0.05,""inicializacion"":""acorde_activacion"",""learning_rate"":0.0003,""pendiente_leaky"":0.01,""weight_decay"":0.001}",7,ok,,21855.121896170916,32877.222009621255,6711.0406193693625,11022.100113450339,156.75,"[29177.7687, 42907.5221, 29086.6936, 30336.9036]"
"{""activacion"":""leaky_relu"",""batch_norm"":false,""batch_size"":32,""capas_ocultas"":[32],""dropout"":0.05,""inicializacion"":""acorde_activacion"",""learning_rate"":0.0003,""pendiente_leaky"":0.01,""weight_decay"":0.0001}",7,ok,,21860.214863392765,32878.826884730755,6706.472527742609,11018.61202133799,156.75,"[29213.633, 42901.736, 29056.659, 30343.2796]"
"{""activacion"":""leaky_relu"",""batch_norm"":false,""batch_size"":32,""capas_ocultas"":[32],""dropout"":0.05,""inicializacion"":""acorde_activacion"",""learning_rate"":0.0003,""pendiente_leaky"":0.01,""weight_decay"":0.0}",7,ok,,21864.930488087226,32856.59712469442,6707.429468787193,10991.666636607191,156.75,"[29187.8242, 42878.734, 29015.4266, 30344.4037]"
"{""activacion"":""leaky_relu"",""batch_norm"":false,""batch_size"":128,""capas_ocultas"":[32],""dropout"":0.0,""inicializacion"":""acorde_activacion"",""learning_rate"":0.0003,""pendiente_leaky"":0.01,""weight_decay"":0.001}",7,ok,,14696.967279986218,36063.413058837934,9648.154518068428,21366.445778851717,250.25,"[34169.4938, 49885.0967, 32697.5117, 27501.5501]"
"{""activacion"":""leaky_relu"",""batch_norm"":false,""batch_size"":128,""capas_ocultas"":[32],""dropout"":0.0,""inicializacion"":""acorde_activacion"",""learning_rate"":0.0003,""pendiente_leaky"":0.01,""weight_decay"":0.0001}",7,ok,,15209.844664016407,35821.64177790132,9734.403935995995,20611.797113884913,241.25,"[33164.3638, 49908.2495, 32701.9169, 27512.0369]"
